{"ADM": 0.07206662944299033, "LIN": 0.021373216841878855, "EXR": 0.1291745250126673, "DXCM": 0.03154648994161399, "PAYC": 0.13689238980236548, "AXON": 0.019425395502699717, "PWR": 0.13170177633169067, "CSGP": 0.08811136562249973, "AAPL": 0.1251818868128812, "STLD": 0.09752477332953322, "DECK": 0.07154983046329436, "FTNT": 0.005220078489296614, "ENPH": 0.07023164240658869}