{"ADM": 0.07692307692307693, "LIN": 0.07692307692307693, "EXR": 0.07692307692307693, "DXCM": 0.07692307692307693, "PAYC": 0.07692307692307693, "AXON": 0.07692307692307693, "PWR": 0.07692307692307693, "CSGP": 0.07692307692307693, "AAPL": 0.07692307692307693, "STLD": 0.07692307692307693, "DECK": 0.07692307692307693, "FTNT": 0.07692307692307693, "ENPH": 0.07692307692307693}