{"ADM": 0.09105903569040026, "LIN": 0.02596363270239979, "EXR": 0.07084536376426465, "DXCM": 0.1506651577274796, "PAYC": 0.004705832253420293, "AXON": 0.12866202396804693, "PWR": 0.03303769259412241, "CSGP": 0.05470889976057006, "AAPL": 0.04950228875856604, "STLD": 0.041434770258234346, "DECK": 0.09312243845414037, "FTNT": 0.0013028773175603411, "ENPH": 0.2549899867507949}