{"ADM": 0.2213731135612863, "LIN": 0.006319242213244148, "EXR": 0.10263243425365036, "DXCM": 0.1303775191686675, "PAYC": 0.0020726048864360917, "AXON": 0.03234597917430008, "PWR": 0.10526660201055586, "CSGP": 0.0038301617872760745, "AAPL": 0.001226367755646816, "STLD": 0.00026779986465679374, "DECK": 0.07358337210740014, "FTNT": 0.052984230531019055, "ENPH": 0.2677205726858609}