{"ADM": 0.0, "LIN": 0.1666666716337204, "EXR": 0.0, "DXCM": 0.0, "PAYC": 0.0, "AXON": 0.1666666716337204, "PWR": 0.1666666716337204, "CSGP": 0.1666666716337204, "AAPL": 0.1666666716337204, "STLD": 0.1666666716337204, "DECK": 0.0, "FTNT": 0.0, "ENPH": 0.0}